id,type,lat,lon
way/862851524,Polygon,-7.071044519999999,109.78460294000001
way/862852731,Polygon,-7.0702475399999996,109.78433634000001
way/862852732,Polygon,-7.07134368,109.78335614
way/862852733,Polygon,-7.071417500000001,109.78333524
way/862852734,Polygon,-7.07115354,109.78333441999999
way/862852735,Polygon,-7.07108032,109.78337894
way/862852736,Polygon,-7.0711122,109.78388850000002
way/862852737,Polygon,-7.071305545454546,109.78380738181819
way/862852738,Polygon,-7.07107388,109.7836925
way/862852739,Polygon,-7.07248948,109.78413327999999
way/862852740,Polygon,-7.0726926599999995,109.78437328
way/862852742,Polygon,-7.07311604,109.78423558
way/862852743,Polygon,-7.0731036000000005,109.78401507999999
way/862852746,Polygon,-7.07350506,109.78420632
way/865338051,Polygon,-7.0654908800000005,109.78807822000002
way/865338052,Polygon,-7.065520340000001,109.78827328
way/865338053,Polygon,-7.06540464,109.78831796
way/865338054,Polygon,-7.065411971428572,109.78818211428572
way/865338055,Polygon,-7.06564988,109.78852838
way/865338056,Polygon,-7.06550154,109.78847857999999
way/865338057,Polygon,-7.06545524,109.78853099999999
way/865338058,Polygon,-7.065374571428571,109.78858834285714
way/865338059,Polygon,-7.065265460000001,109.78851954
way/865338060,Polygon,-7.065279739999999,109.78861411999999
way/865338061,Polygon,-7.0651768399999995,109.78836004
way/865338062,Polygon,-7.065118833333333,109.78867318888888
way/865338063,Polygon,-7.06498594,109.78874408000001
way/865338064,Polygon,-7.06491618,109.78878133999999
way/865338065,Polygon,-7.0648705199999995,109.78881784000001
way/865338066,Polygon,-7.064735719999999,109.7887979
way/865338067,Polygon,-7.064555422222222,109.7888743888889
way/865338068,Polygon,-7.064491179999999,109.78896414
way/865338069,Polygon,-7.064426559999999,109.7890253
way/865338097,Polygon,-7.064438240000001,109.78962778
way/865338098,Polygon,-7.064432257142856,109.78973502857143
way/865338099,Polygon,-7.0643473666666665,109.78992451111111
way/865338100,Polygon,-7.06473146,109.79094117999998
way/865339427,Polygon,-7.064793571428573,109.79106705714284
way/865339428,Polygon,-7.0648663,109.79089652
way/865339429,Polygon,-7.06488746,109.79096828000002
way/865339430,Polygon,-7.064875859999999,109.79126999999998
way/865339431,Polygon,-7.06495354,109.79125838
way/865339432,Polygon,-7.065048020000001,109.79122842000001
way/865339433,Polygon,-7.06512234,109.79122441999998
way/865339434,Polygon,-7.06513324,109.79138144000001
way/865339435,Polygon,-7.065273185714285,109.79120442857142
way/865339436,Polygon,-7.065286985714287,109.7913175
way/865339437,Polygon,-7.06537842,109.79120848
way/865339438,Polygon,-7.065573157142857,109.79118228571429
way/865339439,Polygon,-7.0656501800000004,109.79112472
way/865339440,Polygon,-7.065978580000001,109.79121354000002
way/865339441,Polygon,-7.065982519999999,109.79108464000001
way/865339442,Polygon,-7.066033142857144,109.79094752857142
way/865339443,Polygon,-7.066175279999999,109.79093726
way/865339444,Polygon,-7.06625328,109.79089824
way/865339445,Polygon,-7.066247339999999,109.79095976
way/865339446,Polygon,-7.066304016666667,109.79098516666666
way/865339447,Polygon,-7.066385814285715,109.79086917142857
way/865339448,Polygon,-7.066606242857143,109.79079062857144
way/865339449,Polygon,-7.066632,109.7909817
way/865339450,Polygon,-7.06661794,109.79053533999999
way/865339451,Polygon,-7.066531039999999,109.79054737999999
way/865341602,Polygon,-7.0650029000000005,109.79069743999999
way/865341603,Polygon,-7.065001820000001,109.79089146000001
way/865341604,Polygon,-7.0650362,109.79100609999998
way/865341605,Polygon,-7.065075520000001,109.79087286
way/865341606,Polygon,-7.06510428,109.79099584000001
way/865341607,Polygon,-7.065220479999999,109.7907882
way/865341608,Polygon,-7.065215960000001,109.79100358000001
way/865341609,Polygon,-7.06529456,109.79099836
way/865341610,Polygon,-7.065407585714285,109.79099155714285
way/865341611,Polygon,-7.0654731,109.79083885555555
way/865341612,Polygon,-7.065607420000001,109.79094906
way/865341613,Polygon,-7.0657526399999995,109.79087502000002
way/865341614,Polygon,-7.065864479999999,109.79085307999999
way/865341615,Polygon,-7.06590052,109.79068796000001
way/865341616,Polygon,-7.06591272,109.79057097999998
way/865341617,Polygon,-7.0661092199999995,109.790739
way/865341618,Polygon,-7.066059279999999,109.79064120000001
way/865341619,Polygon,-7.066194628571429,109.79066722857144
way/865341620,Polygon,-7.0663532,109.79066689999999
way/865341621,Polygon,-7.066439819999999,109.7906128
way/865341622,Polygon,-7.06629566,109.7903853
way/865341623,Polygon,-7.0663246,109.79048605999999
way/865341624,Polygon,-7.066314357142857,109.79058151428572
way/865341625,Polygon,-7.06638398,109.79047023999999
way/865341626,Polygon,-7.06641104,109.79030316000001
way/865341627,Polygon,-7.066512300000001,109.79024582000002
way/865341628,Polygon,-7.06658286,109.79023349999997
way/865341629,Polygon,-7.066593942857142,109.7904346
way/865341630,Polygon,-7.066801979999999,109.79014756000001
way/865341631,Polygon,-7.06684736,109.78997097999999
way/865341632,Polygon,-7.06662148,109.78983315999999
way/865341633,Polygon,-7.06674036,109.78993254
way/865341634,Polygon,-7.066973679999999,109.7898979
way/865341635,Polygon,-7.066885779999998,109.7900587
way/865341636,Polygon,-7.0669751199999995,109.7903128
way/865341637,Polygon,-7.0671759199999995,109.79030046
way/865341638,Polygon,-7.067348239999999,109.79014348000001
way/865341639,Polygon,-7.067432188888889,109.7902345888889
way/865341640,Polygon,-7.06752946,109.79003664
way/865341641,Polygon,-7.067698179999999,109.79014224000002
way/865341642,Polygon,-7.067790560000001,109.79011691999999
way/865341643,Polygon,-7.06718332,109.78984676
way/865341644,Polygon,-7.0672424000000005,109.78971754
way/865341645,Polygon,-7.067389180000001,109.78966568000001
way/865341646,Polygon,-7.067297979999999,109.78983450000001
way/865341647,Polygon,-7.0674955,109.78986494
way/865341648,Polygon,-7.067422371428571,109.78978932857144
way/865341649,Polygon,-7.0677447,109.78997945714286
way/865341650,Polygon,-7.0677947,109.78984949999999
way/865341651,Polygon,-7.0668956000000005,109.79070104
way/865344799,Polygon,-7.066927560000001,109.79055874000001
way/865344800,Polygon,-7.06707512,109.79054833999999
way/865344801,Polygon,-7.067135414285715,109.79069497142856
way/865344802,Polygon,-7.067176520000001,109.79081884
way/865344803,Polygon,-7.067196040000001,109.79056376000001
way/865344804,Polygon,-7.0672769,109.79054552
way/865344805,Polygon,-7.06738888,109.79049579999999
way/865344806,Polygon,-7.06754894,109.79040325999999
way/865344807,Polygon,-7.0675615714285716,109.79055147142859
way/865344808,Polygon,-7.067668359999999,109.79040649999999
way/865344809,Polygon,-7.06732996,109.79081196
way/865344810,Polygon,-7.0670721599999995,109.79098704
way/865344811,Polygon,-7.06698286,109.7911241
way/865344812,Polygon,-7.06696896,109.79126151999999
way/865344813,Polygon,-7.067076160000001,109.79135561999999
way/865344814,Polygon,-7.06756204,109.7916203
way/865344815,Polygon,-7.06768002,109.79160945999999
way/865344816,Polygon,-7.067786500000001,109.79155955714286
way/865344817,Polygon,-7.067884140000001,109.79148281999998
way/865344818,Polygon,-7.068092080000001,109.79153096
way/865344819,Polygon,-7.068027519999999,109.79171166
way/865344820,Polygon,-7.06806,109.79181410000001
way/865344821,Polygon,-7.0679779400000005,109.79183068000002
way/865344822,Polygon,-7.067709359999999,109.79189609999999
way/865344823,Polygon,-7.06764848,109.7917612
way/865344824,Polygon,-7.06775698,109.79173208
way/865344825,Polygon,-7.067558340000001,109.79194401999999
way/865344826,Polygon,-7.06763654,109.79191064000001
way/865344827,Polygon,-7.067500239999999,109.79204706
way/865344828,Polygon,-7.0674064,109.79200105999999
way/865344829,Polygon,-7.0675163,109.7922536
way/865344830,Polygon,-7.0676508799999995,109.79228798
way/865344831,Polygon,-7.0678588399999995,109.79206936
way/865344832,Polygon,-7.0678527,109.792249
way/865344833,Polygon,-7.06793734,109.79257270000001
way/865344834,Polygon,-7.06788892,109.7924626
way/865344835,Polygon,-7.06794106,109.79268099999999
way/865344836,Polygon,-7.067789379999999,109.79296409999999
way/865344837,Polygon,-7.06776968,109.79306752
way/865344838,Polygon,-7.067958628571428,109.79302465714285
way/865344839,Polygon,-7.068003299999999,109.79317054
way/865344840,Polygon,-7.067924700000001,109.79313452
way/865344841,Polygon,-7.0677818142857145,109.79322131428572
way/865344842,Polygon,-7.067846919999999,109.79310888
way/865344843,Polygon,-7.06797526,109.79343838
way/865344844,Polygon,-7.067985414285714,109.79358219999999
way/865344845,Polygon,-7.067880939999999,109.79357678000001
way/865344846,Polygon,-7.0679956399999995,109.79371815999998
way/865344847,Polygon,-7.067736020000001,109.79368285999999
way/865344848,Polygon,-7.0677574199999995,109.79376155999998
way/865344849,Polygon,-7.06724076,109.79359582000002
way/865344850,Polygon,-7.0673901,109.79365142857145
way/865347558,Polygon,-7.067869820000001,109.7933483
way/865347559,Polygon,-7.067738540000001,109.79335692
way/865347560,Polygon,-7.06688698,109.79374506000002
way/865347561,Polygon,-7.066673799999999,109.79374992000002
way/865347562,Polygon,-7.06653374,109.79374467999999
way/865347563,Polygon,-7.06720796,109.79405320000001
way/865347564,Polygon,-7.06732232,109.79411744000001
way/865347565,Polygon,-7.067032599999999,109.79429680000001
way/865347566,Polygon,-7.06712312,109.79432242
way/865347567,Polygon,-7.067202539999999,109.7943939
way/865347568,Polygon,-7.067451771428572,109.79423138571428
way/865347569,Polygon,-7.0674019999999995,109.79439670000002
way/865347570,Polygon,-7.0673910399999995,109.79451363999999
way/865347571,Polygon,-7.06737282,109.79472233999999
way/865347572,Polygon,-7.0673736599999994,109.79487678000001
way/865347573,Polygon,-7.067409,109.79497626
way/865347574,Polygon,-7.067356800000001,109.79517334000002
way/865347575,Polygon,-7.06725648,109.79500026000001
way/865347576,Polygon,-7.067248599999999,109.79488412
way/865347577,Polygon,-7.067073959999999,109.79513276
way/865347578,Polygon,-7.067108300000001,109.79493748
way/865347579,Polygon,-7.06689064,109.79506186
way/865347580,Polygon,-7.066816640000001,109.79491090000002
way/865347581,Polygon,-7.0664096,109.79499111999999
way/865347582,Polygon,-7.066407699999999,109.79511907999999
way/865347583,Polygon,-7.066408180000001,109.79489743999997
way/865347584,Polygon,-7.06639754,109.79473544
way/865347585,Polygon,-7.06620712,109.79469739999999
way/865347586,Polygon,-7.0662487,109.79479179999998
way/865347587,Polygon,-7.06614488,109.79479199999999
way/865347588,Polygon,-7.066241700000001,109.79488006000001
way/865347589,Polygon,-7.06620482,109.79498459999999
way/865347590,Polygon,-7.066108257142857,109.79501839999999
way/865347591,Polygon,-7.065897028571429,109.79485711428572
way/865347592,Polygon,-7.0659227200000005,109.79466864000001
way/865347593,Polygon,-7.065925179999999,109.79454652
way/865347594,Polygon,-7.06580978,109.79449882000002
way/865347595,Polygon,-7.065528371428571,109.79450128571429
way/865347596,Polygon,-7.06558104,109.79467138
way/865347597,Polygon,-7.06516068,109.79401684
way/865347598,Polygon,-7.065443140000001,109.79388424000001
way/865347599,Polygon,-7.065733799999999,109.79395317999999
way/865347600,Polygon,-7.06591802,109.79385893999999
way/865347601,Polygon,-7.06603614,109.79420148
way/865347602,Polygon,-7.06574372,109.7942933
way/865347603,Polygon,-7.065933460000001,109.79437382
way/865347604,Polygon,-7.066093619999999,109.79431522
way/865347605,Polygon,-7.06624518,109.79428709999999
way/865347606,Polygon,-7.066258675,109.79414158750001
way/865347607,Polygon,-7.066646059999999,109.79452290000002
way/865352627,Polygon,-7.064770314285714,109.79368724285715
way/865352628,Polygon,-7.064615328571429,109.79366992857142
way/865352629,Polygon,-7.064446471428572,109.79364684285714
way/865352638,Polygon,-7.064509920000001,109.78950554000001
way/865352639,Polygon,-7.06457898,109.78918416000002
way/865352640,Polygon,-7.06461618,109.78931579999998
way/865352641,Polygon,-7.0646646,109.78939206
way/865352642,Polygon,-7.06468314,109.78949054
way/865352643,Polygon,-7.0648195000000005,109.78935440000001
way/865352644,Polygon,-7.06483202,109.78946647999999
way/865352645,Polygon,-7.06494232,109.789507
way/865352646,Polygon,-7.06501374,109.78953376
way/865352647,Polygon,-7.0651718,109.78960523999999
way/865352648,Polygon,-7.065395999999998,109.78976824000001
way/865352649,Polygon,-7.0653498,109.78957901999999
way/865352650,Polygon,-7.06558668,109.78960526
way/865352651,Polygon,-7.06523516,109.78888762000001
way/865352652,Polygon,-7.06508814,109.78895354000001
way/865352653,Polygon,-7.0652867,109.78919364000001
way/865352654,Polygon,-7.06531148,109.78929318
way/865352655,Polygon,-7.06535246,109.78939796
way/865352656,Polygon,-7.064963039999999,109.78901856
way/865352657,Polygon,-7.0648013800000005,109.7884188
way/865352658,Polygon,-7.0648797000000005,109.78838814000001
way/865352659,Polygon,-7.064913659999999,109.78850234000001
way/865352660,Polygon,-7.064997,109.78844266000002
way/865352661,Polygon,-7.064980920000001,109.78859126
way/865352662,Polygon,-7.065080157142857,109.788547
way/865352663,Polygon,-7.06545658,109.78792899999999
way/865352664,Polygon,-7.0654246999999994,109.78766700000001
way/865352665,Polygon,-7.065397280000001,109.78757742
way/865352666,Polygon,-7.06552202,109.78762365999998
way/865352667,Polygon,-7.065401400000001,109.78745409999999
way/865352668,Polygon,-7.066738379999999,109.7885472
way/865352669,Polygon,-7.066872859999999,109.78851472000001
way/865352670,Polygon,-7.06710204,109.78863266
way/865352671,Polygon,-7.067161399999999,109.78846456000001
way/865352672,Polygon,-7.06720294,109.78862892
way/865352673,Polygon,-7.067307560000001,109.78862644
way/865352674,Polygon,-7.067274879999999,109.78849267999999
way/865352675,Polygon,-7.0674066799999995,109.78842752
way/865352676,Polygon,-7.067489799999999,109.78861951428571
way/868476208,Polygon,-7.064822480000001,109.78623278
way/868476209,Polygon,-7.065059120000001,109.78581334
way/868476210,Polygon,-7.06513408,109.78580718
way/868476212,Polygon,-7.064838140000001,109.78566212000001
way/868476213,Polygon,-7.06469706,109.78573020000002
way/868476214,Polygon,-7.064734466666667,109.78607941111112
way/869788496,Polygon,-7.065524379999999,109.78919802
way/869788497,Polygon,-7.06546808,109.78913146
way/869788498,Polygon,-7.06544042,109.78888337999999
way/869788499,Polygon,-7.065530440000001,109.78879038
way/869788500,Polygon,-7.06573032,109.78887272
way/869788501,Polygon,-7.065694171428571,109.78877049999998
way/869788502,Polygon,-7.066644139999999,109.78832312
way/869788503,Polygon,-7.0668257400000005,109.78827454
way/869788504,Polygon,-7.066931540000001,109.78824204
way/869788505,Polygon,-7.067679459999999,109.78846962
way/869788506,Polygon,-7.068093039999999,109.78822648
way/869788507,Polygon,-7.067095159999999,109.78822571999999
way/869788508,Polygon,-7.0670904,109.78814187999998
way/869788509,Polygon,-7.06735924,109.78817492
way/869788510,Polygon,-7.06684396,109.78809584000001
way/869789369,Polygon,-7.067458320000002,109.78806862000002
way/869789370,Polygon,-7.0675095,109.78838442000001
way/869789372,Polygon,-7.067665,109.78835310000002
way/869789373,Polygon,-7.0678999199999994,109.78802246000001
way/876345544,Polygon,-7.06600174,109.78621644
way/876345545,Polygon,-7.06598022,109.78606402
way/876345546,Polygon,-7.065928700000001,109.78549302000002
way/876345549,Polygon,-7.064390400000001,109.78552945
way/876345560,Polygon,-7.064568085714286,109.78583611428573
way/876345561,Polygon,-7.064530700000001,109.78598808
way/876345562,Polygon,-7.064412322222221,109.78601867777779
way/876345563,Polygon,-7.0648362833333325,109.78587509166668
way/876345564,Polygon,-7.0644829399999995,109.78615477999999
way/876345565,Polygon,-7.06439196,109.78618876
way/876345566,Polygon,-7.064926993333333,109.78606300666667
way/882553199,Polygon,-7.08236072,109.78580256000001
way/882553200,Polygon,-7.080555328571428,109.78544775714285
way/882553201,Polygon,-7.081387619999999,109.78497752000001
way/882553202,Polygon,-7.08106188,109.78523446
way/882553203,Polygon,-7.080855842857143,109.78533114285713
way/882553204,Polygon,-7.08068674,109.78528177999999
way/882553205,Polygon,-7.08053068,109.78515792
way/882553206,Polygon,-7.0802715,109.78505272
way/882553207,Polygon,-7.0804152,109.78495638
way/882553208,Polygon,-7.080588140000001,109.78487753999998
way/882553209,Polygon,-7.080755519999999,109.78475891999999
way/882553210,Polygon,-7.081122957142858,109.78502341428573
way/882553211,Polygon,-7.081124725,109.7848603125
way/882553212,Polygon,-7.08103442,109.78476296
way/882553213,Polygon,-7.08092178,109.7846456
way/882553214,Polygon,-7.080160780000002,109.78480551999999
way/882553215,Polygon,-7.08008178,109.78463940000002
way/882553216,Polygon,-7.0796610200000005,109.78458292
way/882553217,Polygon,-7.079532760000001,109.78466399999999
way/882553218,Polygon,-7.07945362,109.78457898000002
way/882553219,Polygon,-7.079396057142858,109.78445942857142
way/882553220,Polygon,-7.07912918,109.78432023999999
way/882553221,Polygon,-7.0793351200000005,109.78414178
way/882553222,Polygon,-7.080200639999999,109.78448791999999
way/882553223,Polygon,-7.0793896599999995,109.78341929999999
way/882553224,Polygon,-7.079254260000001,109.78318748
way/882553225,Polygon,-7.07937264,109.78316723999998
way/882553226,Polygon,-7.079589472727273,109.78336844545453
way/882553227,Polygon,-7.079810500000001,109.78338172000001
way/882553228,Polygon,-7.07994526,109.78354832
way/882553229,Polygon,-7.07982274,109.78375466
way/882553230,Polygon,-7.080022942857142,109.78375217142856
way/882553231,Polygon,-7.08009546,109.78390178
way/882553232,Polygon,-7.0801620000000005,109.78415183333334
way/882553233,Polygon,-7.080235228571429,109.78411945714286
way/882553234,Polygon,-7.080385424999999,109.78400655
way/882553235,Polygon,-7.080201471428572,109.78362115714286
way/882553236,Polygon,-7.0804255,109.78366548571428
way/882553237,Polygon,-7.080605520000001,109.78447054
way/882553238,Polygon,-7.080667614285715,109.78424082857143
way/882553239,Polygon,-7.081113057142858,109.78365161428572
way/882553240,Polygon,-7.081015339999999,109.78425892
way/882553241,Polygon,-7.0811516800000005,109.78417252
way/882553242,Polygon,-7.08132114,109.78433024
way/882553243,Polygon,-7.080839914285714,109.7839413857143
way/882553244,Polygon,-7.0810362,109.78382572000001
way/882553245,Polygon,-7.080707642857143,109.78370114285713
way/882553246,Polygon,-7.08038554,109.78446936
way/882553247,Polygon,-7.0791805142857145,109.78420084285713
way/882553248,Polygon,-7.0791192800000005,109.78455902
way/882553250,Polygon,-7.079412039999999,109.78382756
way/882553251,Polygon,-7.08061184,109.78302386
way/882553252,Polygon,-7.080979444444446,109.78302062222222
way/882553253,Polygon,-7.080834680000001,109.78313016
way/882553254,Polygon,-7.080851559999999,109.78333287999999
way/882553255,Polygon,-7.080980479999999,109.7833425
way/882553256,Polygon,-7.080751844444444,109.78353056666668
way/882553257,Polygon,-7.081190680000001,109.78375558
way/882553258,Polygon,-7.080950966666667,109.78407698333332
way/882553259,Polygon,-7.0808534199999995,109.78406806000001
way/882553260,Polygon,-7.081228060000001,109.78386858000002
way/882553261,Polygon,-7.08146098,109.78399171999999
way/882553262,Polygon,-7.081393520000001,109.78374086000001
way/882553263,Polygon,-7.08137078,109.78358768000001
way/882553264,Polygon,-7.0813064400000005,109.78348806
way/882553265,Polygon,-7.081264020000001,109.78339686
way/882553266,Polygon,-7.081409328571428,109.78328584285715
way/882553267,Polygon,-7.081334799999999,109.78300755999999
way/882553268,Polygon,-7.08039182,109.78303125999999
way/882553269,Polygon,-7.080408440000001,109.78325556
way/882553270,Polygon,-7.080322,109.78376022
way/882553271,Polygon,-7.08027364,109.78368984000001
way/882553272,Polygon,-7.07953062,109.78374912000001
way/882553273,Polygon,-7.0797758,109.78305467142856
way/882553275,Polygon,-7.0793627599999995,109.78295906000001
way/882553276,Polygon,-7.07912678,109.78472064
way/882553277,Polygon,-7.079904239999999,109.78404788
way/882553278,Polygon,-7.08055154,109.78395567999999
way/882553279,Polygon,-7.0804851,109.78384108
way/882553280,Polygon,-7.08055678,109.78351710000001
way/882553281,Polygon,-7.081101685714286,109.78450584285714
way/882553282,Polygon,-7.08117676,109.78459188
way/882553283,Polygon,-7.08122928,109.78473091999999
way/889591275,Polygon,-7.0729132,109.79268902000001
way/889591276,Polygon,-7.072717399999999,109.79324706
way/889591277,Polygon,-7.0728183200000005,109.79333028
way/889591278,Polygon,-7.07288916,109.79350136000001
way/889591279,Polygon,-7.0731530199999995,109.79285908
way/889591280,Polygon,-7.0733808,109.79248451999999
way/889591281,Polygon,-7.07353268,109.79217498
way/889591282,Polygon,-7.0737231199999995,109.79208410000001
way/889591283,Polygon,-7.073328620000001,109.79226845999999
way/889591284,Polygon,-7.0732063,109.79229022
way/889591285,Polygon,-7.073469520000001,109.79195334
way/889591286,Polygon,-7.0730037333333335,109.79235638333334
way/889591287,Polygon,-7.073106657142858,109.79238147142858
way/889591288,Polygon,-7.07280975,109.79239860000001
way/889591289,Polygon,-7.072662719999999,109.79256362000001
way/889591290,Polygon,-7.0737738,109.79172736000001
way/889591291,Polygon,-7.073192085714285,109.79191444285713
way/889591292,Polygon,-7.07303028,109.79212929999998
way/889591293,Polygon,-7.07323352,109.79202532
way/889591294,Polygon,-7.0727947,109.79191481999999
way/889591295,Polygon,-7.07290324,109.79215712
way/889591296,Polygon,-7.072613059999999,109.79222708
way/889591297,Polygon,-7.07269874,109.79222393999999
way/889591298,Polygon,-7.07285892,109.79256514
way/889591299,Polygon,-7.07276112,109.7926473
way/889591300,Polygon,-7.072651883333333,109.79165836666665
way/889591301,Polygon,-7.07238618,109.79169596
way/889591302,Polygon,-7.072198179999999,109.7917058
way/889596067,Polygon,-7.07254642,109.79283962
way/889596068,Polygon,-7.072508619999999,109.79274124000001
way/889596069,Polygon,-7.0724138199999995,109.79251101999998
way/889596070,Polygon,-7.0724874,109.79260604000001
way/889596071,Polygon,-7.072465940000001,109.79287278000001
way/889596072,Polygon,-7.072648240000001,109.79301542
way/889596073,Polygon,-7.072536157142857,109.79308119999999
way/889596074,Polygon,-7.072531266666666,109.79324273333332
way/889596075,Polygon,-7.07242385,109.79315931666667
way/889596076,Polygon,-7.07235936,109.79322354000001
way/889596077,Polygon,-7.07247592,109.79328154
way/889596078,Polygon,-7.072513859999999,109.79225421999999
way/889596079,Polygon,-7.0724562,109.79204158
way/889596080,Polygon,-7.072382899999999,109.7919103
way/889596081,Polygon,-7.0723072799999995,109.79235601999999
way/889596082,Polygon,-7.0722635,109.79224503999998
way/889596083,Polygon,-7.07223349090909,109.79206327272728
way/889596084,Polygon,-7.0721052,109.79223264
way/889596085,Polygon,-7.07209174,109.79231578
way/889596086,Polygon,-7.072300100000001,109.79278280000001
way/889596087,Polygon,-7.072328019999999,109.79293632000001
way/889596088,Polygon,-7.0721940199999995,109.79293270000001
way/889596089,Polygon,-7.072066700000001,109.79301968333334
way/889596090,Polygon,-7.072122439999999,109.79295787999999
way/889596091,Polygon,-7.071999528571429,109.79200517142856
way/889596092,Polygon,-7.071385080000001,109.79313074
way/889596093,Polygon,-7.071423059999999,109.79305589999998
way/889596094,Polygon,-7.07123672,109.79299366000001
way/889596095,Polygon,-7.0711395800000005,109.79296495999999
way/889596096,Polygon,-7.071066759999999,109.79290884
way/889596097,Polygon,-7.07099244,109.79289209999999
way/889596098,Polygon,-7.071022860000001,109.79255495999999
way/889598251,Polygon,-7.071459160000001,109.79138046
way/889598252,Polygon,-7.071161259999999,109.7911885
way/889598253,Polygon,-7.070986039999999,109.79182338000001
way/889598254,Polygon,-7.0710651857142865,109.79195728571429
way/889598255,Polygon,-7.071442328571429,109.7918671857143
way/889598256,Polygon,-7.071284039999999,109.79197712
way/889598257,Polygon,-7.0708983199999995,109.79237692
way/889598258,Polygon,-7.070925971428571,109.79215938571427
way/889598259,Polygon,-7.0708432000000006,109.79221522857142
way/889598260,Polygon,-7.0707170600000016,109.79211081999999
way/889598261,Polygon,-7.070396239999999,109.79198668
way/889598262,Polygon,-7.070510228571428,109.79192604285716
way/889598263,Polygon,-7.07035288,109.79185265999999
way/889598264,Polygon,-7.0703221,109.79176584
way/889598265,Polygon,-7.070246279999999,109.79180042
way/889598266,Polygon,-7.07020488,109.79163639999999
way/889598267,Polygon,-7.070288819999999,109.79126272
way/889598268,Polygon,-7.0702083,109.79117552
way/889598269,Polygon,-7.07014392,109.7915418
way/889598270,Polygon,-7.070061839999999,109.79173524000001
way/889598271,Polygon,-7.070000779999999,109.79157022000001
way/889598272,Polygon,-7.070089179999999,109.79134165999999
way/889598273,Polygon,-7.06995084,109.79128722
way/889598274,Polygon,-7.06990224,109.79118587999999
way/889598275,Polygon,-7.06982354,109.79169156
way/889598276,Polygon,-7.06975592,109.79162477999998
way/889598277,Polygon,-7.06950152,109.79165992
way/889598278,Polygon,-7.069724081818181,109.79269319090909
way/889598279,Polygon,-7.0697816200000005,109.79304982
way/889598280,Polygon,-7.07001204,109.79362833999998
way/889598281,Polygon,-7.06936322,109.79148760000001
way/889598282,Polygon,-7.06953144,109.79142504
way/889598283,Polygon,-7.0696668,109.79143217999999
way/889598284,Polygon,-7.069650780000001,109.79133894000002
way/889598285,Polygon,-7.06963784,109.79124788000001
way/889605337,Polygon,-7.069369328571428,109.79105448571428
way/889605338,Polygon,-7.069506939999999,109.79104418
way/889605339,Polygon,-7.069626628571428,109.79103452857143
way/889605340,Polygon,-7.06908818,109.79120903999998
way/889605341,Polygon,-7.0689601600000005,109.79122246
way/889605342,Polygon,-7.068783957142857,109.79113821428572
way/889605343,Polygon,-7.068843080000001,109.79129272
way/889605344,Polygon,-7.06919918,109.7917379
way/889605345,Polygon,-7.069027460000001,109.79161836
way/889605346,Polygon,-7.068967000000001,109.79153785999999
way/889605347,Polygon,-7.068949259999999,109.79185044
way/889605348,Polygon,-7.06929502,109.79220491999999
way/889605349,Polygon,-7.069170560000001,109.79215096
way/889605350,Polygon,-7.06879166,109.7917477
way/889605351,Polygon,-7.068722920000001,109.79165318
way/889605352,Polygon,-7.06865394,109.79147686000002
way/889605353,Polygon,-7.068616539999999,109.791396
way/889605354,Polygon,-7.06847188,109.79159534
way/889605355,Polygon,-7.06833274,109.7916522
way/889605356,Polygon,-7.06825092,109.79172076
way/889605357,Polygon,-7.06843396,109.7919296
way/889605358,Polygon,-7.068426500000001,109.7918316
way/889605359,Polygon,-7.06857486,109.79176674
way/889605360,Polygon,-7.068810719999999,109.79194207999998
way/889605361,Polygon,-7.069009233333333,109.79219243333334
way/889605362,Polygon,-7.069068542857143,109.79230981428573
way/889605363,Polygon,-7.069030580000001,109.79246395999999
way/889605364,Polygon,-7.0689096,109.79264090000001
way/889605365,Polygon,-7.06873104,109.79242814
way/889605366,Polygon,-7.068915642857142,109.79230451428573
way/889605367,Polygon,-7.06865824,109.79220498
way/889605368,Polygon,-7.068680660000001,109.79229762
way/889605369,Polygon,-7.06865962,109.79206021999998
way/889605370,Polygon,-7.068752259999999,109.79253466
way/889605371,Polygon,-7.068796420000001,109.79286843999998
way/889605372,Polygon,-7.068778140000001,109.79271294
way/889605373,Polygon,-7.0689588400000005,109.79321576
way/889605374,Polygon,-7.068955985714285,109.7930775
way/889605375,Polygon,-7.06879414,109.79319206
way/889607093,Polygon,-7.069758420000001,109.79357731999998
way/889607094,Polygon,-7.069710280000001,109.79370288
way/889607095,Polygon,-7.06918462,109.79383127999999
way/889607096,Polygon,-7.06930684,109.79381224000001
way/889607097,Polygon,-7.0694339799999995,109.79378374000001
way/889607098,Polygon,-7.06913602,109.79365718
way/889607099,Polygon,-7.069056859999999,109.79381978
way/889607100,Polygon,-7.06891566,109.79370216
way/889607101,Polygon,-7.068933799999999,109.79384313999999
way/889607102,Polygon,-7.068798320000001,109.79381314
way/889607103,Polygon,-7.068814059999999,109.79390784
way/889607104,Polygon,-7.068633871428571,109.79388695714285
way/889607105,Polygon,-7.0703407,109.79371724
way/889607106,Polygon,-7.07025086,109.7938688
way/889607107,Polygon,-7.070038940000001,109.79390129999999
way/889607108,Polygon,-7.070137560000001,109.79401168
way/889607109,Polygon,-7.069952971428571,109.79394722857144
way/889607110,Polygon,-7.06981004,109.79394620000001
way/889607111,Polygon,-7.06961048,109.79399252
way/889607112,Polygon,-7.0693797599999995,109.79435412000001
way/889607113,Polygon,-7.069381040000001,109.79444708000001
way/889607114,Polygon,-7.069284033333333,109.7946589
way/889607115,Polygon,-7.06947772,109.79410619999999
way/889607116,Polygon,-7.069469157142857,109.79399670000001
way/889607117,Polygon,-7.0699213,109.78892135999999
way/889607118,Polygon,-7.0700695,109.78915477999999
way/889607119,Polygon,-7.0697730199999995,109.78935335999999
way/889607120,Polygon,-7.06977086,109.79004796
way/889607121,Polygon,-7.06974446,109.78986814
way/889616888,Polygon,-7.068922819999999,109.7891795
way/889616889,Polygon,-7.069077180000001,109.78907138
way/889616890,Polygon,-7.069167500000001,109.78979772
way/889616891,Polygon,-7.069188457142857,109.78988818571429
way/889616892,Polygon,-7.069368419999999,109.78984034
way/889616893,Polygon,-7.0694643600000004,109.79002684
way/889616894,Polygon,-7.06908344,109.79015562
way/889616895,Polygon,-7.069654257142857,109.79032842857143
way/889616896,Polygon,-7.06956678,109.7899722
way/889616897,Polygon,-7.069336460000001,109.78959993999999
way/889616898,Polygon,-7.069140420000001,109.78867832
way/889616899,Polygon,-7.06877212,109.78875378000001
way/889616900,Polygon,-7.0688332800000016,109.78847664
way/889616901,Polygon,-7.069121440000001,109.78847788
way/889616902,Polygon,-7.06910084,109.7883919
way/889616903,Polygon,-7.0690842,109.78822182857144
way/889616904,Polygon,-7.068932228571428,109.78828311428572
way/889616905,Polygon,-7.06859326,109.78954932000002
way/889616906,Polygon,-7.06859298,109.78973384000001
way/889616907,Polygon,-7.0686633400000005,109.78969198
way/889616908,Polygon,-7.06846472,109.78997726
way/889616909,Polygon,-7.068603319999999,109.78998474
way/889616910,Polygon,-7.0686688,109.78991383999998
way/889616911,Polygon,-7.068725957142857,109.78995848571428
way/889616912,Polygon,-7.06823058,109.79003258
way/889616913,Polygon,-7.068360660000001,109.79029578
way/889616914,Polygon,-7.068402659999999,109.79018042
way/889616915,Polygon,-7.068531879999999,109.79030723999999
way/889616916,Polygon,-7.06828232,109.78823127999999
way/889616917,Polygon,-7.0686262000000015,109.78839516000001
way/889616918,Polygon,-7.068557442857143,109.78822658571428
way/889616919,Polygon,-7.068719657142857,109.78826017142856
way/889616920,Polygon,-7.06894094,109.78796015999998
way/889616921,Polygon,-7.06893202,109.7878029
way/889616922,Polygon,-7.069068679999999,109.78780674
way/889616924,Polygon,-7.0691549600000005,109.78717832
way/889616925,Polygon,-7.0693065200000005,109.7872829
way/889616926,Polygon,-7.06897606,109.78716104
way/889616927,Polygon,-7.0689711200000005,109.78727441999999
way/889616928,Polygon,-7.0690386599999995,109.78744295999999
way/889616929,Polygon,-7.06918182,109.78740234000001
way/889616930,Polygon,-7.06925162,109.78738935999999
way/889616931,Polygon,-7.0685835400000006,109.78800752
way/889618427,Polygon,-7.069344014285713,109.78793495714287
way/889618428,Polygon,-7.069242071428571,109.78787644285714
way/889618429,Polygon,-7.068564839999999,109.78658207999999
way/889618430,Polygon,-7.06879908,109.78642047999999
way/889618431,Polygon,-7.0688705999999994,109.78650558
way/889618432,Polygon,-7.06889028,109.78668364
way/889618433,Polygon,-7.069045839999999,109.78653088000002
way/889618434,Polygon,-7.069117680000001,109.78667456000001
way/889618435,Polygon,-7.069146399999999,109.7868093
way/889618436,Polygon,-7.06899166,109.78685365999999
way/889618437,Polygon,-7.06901314,109.78691896000001
way/889618438,Polygon,-7.06922748,109.78699758
way/889618439,Polygon,-7.06873824,109.78757370000001
way/889618440,Polygon,-7.06885032,109.78752146
way/889618441,Polygon,-7.06863994,109.7875016
way/889618442,Polygon,-7.06858616,109.7876321
way/889618443,Polygon,-7.06837958,109.78774383999999
way/889618444,Polygon,-7.068533160000001,109.78776684000002
way/889618445,Polygon,-7.068448940000001,109.78790576000002
way/889618446,Polygon,-7.068451319999999,109.78801982
way/889618447,Polygon,-7.068244671428572,109.78796611428571
way/889618448,Polygon,-7.0692576,109.7865091
way/889618449,Polygon,-7.069317319999999,109.78663112
way/889618450,Polygon,-7.06936175,109.78684521666666
way/889618451,Polygon,-7.069362959999999,109.78692507999999
way/889618452,Polygon,-7.069507379999999,109.78701301999999
way/889618453,Polygon,-7.0696755,109.78666986
way/889618454,Polygon,-7.069782157142856,109.78654174285715
way/889618455,Polygon,-7.069019679999999,109.78641827999999
way/889618456,Polygon,-7.06945312,109.78725902000001
way/889618457,Polygon,-7.068859499999999,109.788322
way/889618458,Polygon,-7.074893499999999,109.78984016
way/895059359,Polygon,-7.066435779999999,109.78836572
way/895061276,Polygon,-7.06813432,109.7925089
way/895061277,Polygon,-7.06816602,109.79271186000001
way/895061278,Polygon,-7.06824254,109.79242452000001
way/895061279,Polygon,-7.0682734,109.79383103999999
way/895061280,Polygon,-7.0682550399999995,109.79363212000001
way/895061281,Polygon,-7.06824862,109.79331952
way/895061282,Polygon,-7.06836048,109.79330448
way/895063249,Polygon,-7.068068699999999,109.79218501666668
way/895063250,Polygon,-7.068074780000001,109.79225965999998
way/905201641,Polygon,-7.080175939999999,109.78329000000001
way/914835309,Polygon,-7.06590212,109.78566888
way/914835310,Polygon,-7.0650302,109.78566479999999
way/914835312,Polygon,-7.064391400000001,109.785338
way/914835313,Polygon,-7.0645193399999995,109.78494486
way/914835314,Polygon,-7.0644073999999994,109.78561166666668
way/914835315,Polygon,-7.0649118,109.78579400000001
way/914835316,Polygon,-7.06496308,109.78568324
way/914837415,Polygon,-7.082421259999999,109.78588006
way/914837416,Polygon,-7.081035777777779,109.78538244444445
way/914837417,Polygon,-7.08070046,109.78438960000001
way/914837418,Polygon,-7.08074985,109.78444917499999
way/914837419,Polygon,-7.08047208,109.78412841999997
way/914837420,Polygon,-7.08074242,109.78455145999999
way/914837421,Polygon,-7.080310819999999,109.78333675999997
way/914837422,Polygon,-7.07958398,109.78384368000002
way/914837423,Polygon,-7.0796703999999995,109.78376561428571
way/914837424,Polygon,-7.079471857142857,109.78295541428572
way/914837425,Polygon,-7.079158100000001,109.78346125
way/914838164,Polygon,-7.082484120000001,109.7863963
way/914839668,Polygon,-7.06521726,109.78583832
way/930397939,Polygon,-7.07313832,109.78384304
way/930397940,Polygon,-7.0724585200000005,109.78400742
way/930397941,Polygon,-7.072737460000001,109.78391698
way/930397942,Polygon,-7.0725967999999995,109.78365301666668
way/930397943,Polygon,-7.072844519999999,109.78425336000001
way/930397944,Polygon,-7.072985,109.78449460000002
way/930397945,Polygon,-7.07188792,109.78379570000001
way/930397946,Polygon,-7.071836520000001,109.78356266
way/930397947,Polygon,-7.0716936200000005,109.7835576
way/930397948,Polygon,-7.07149856,109.78377762
way/930397949,Polygon,-7.07122842,109.78361135999998
way/930397950,Polygon,-7.07094664,109.78368206
way/930397951,Polygon,-7.070032980000001,109.78429552
way/930397952,Polygon,-7.070911316666667,109.78478401666666
way/930397953,Polygon,-7.073917460000001,109.78580470000001
way/930397954,Polygon,-7.073918900000001,109.78565203999999
way/930397955,Polygon,-7.0740661000000005,109.78582914
way/930397956,Polygon,-7.074052740000001,109.78573037999999
way/930397957,Polygon,-7.0742362,109.78573036
way/930397958,Polygon,-7.07423088,109.78553514000001
way/930397959,Polygon,-7.07385652,109.78598055999998
way/930397960,Polygon,-7.07414638,109.78604791999999
way/930397961,Polygon,-7.0742756799999995,109.78603616000001
way/930397962,Polygon,-7.07442092,109.78611328
way/930397963,Polygon,-7.0745419,109.78600164
way/930397964,Polygon,-7.074685049999999,109.78604990000001
way/930397965,Polygon,-7.07455456,109.78613447999999
way/930397966,Polygon,-7.0749010000000006,109.78599751666667
way/930397967,Polygon,-7.075049760000001,109.78593066
way/930397968,Polygon,-7.074385480000001,109.78572986000002
way/930397969,Polygon,-7.074713120000001,109.78570061999999
way/930397970,Polygon,-7.07469722,109.78551508000001
way/930397971,Polygon,-7.0748736999999995,109.78569212
way/930397973,Polygon,-7.074920520000001,109.78537098000001
way/930397974,Polygon,-7.0751215799999985,109.78559688
way/930397975,Polygon,-7.0751744,109.78529911999999
way/930397976,Polygon,-7.075222020000001,109.78584831999999
way/930397977,Polygon,-7.075319739999999,109.7858117
way/930397978,Polygon,-7.075348119999999,109.78608688
way/930397979,Polygon,-7.075418279999999,109.7862683
way/930397980,Polygon,-7.07577685,109.78536998333334
way/930397981,Polygon,-7.075934620000001,109.78532092
way/930397982,Polygon,-7.07606274,109.7852379
way/930397983,Polygon,-7.0761301,109.78535439999999
way/930397984,Polygon,-7.07605174,109.78536258000001
way/930397985,Polygon,-7.07627194,109.78525955999999
way/930397986,Polygon,-7.076804866666667,109.78419886666667
way/930397987,Polygon,-7.0768973666666675,109.78416536666668
way/930397988,Polygon,-7.0773110400000006,109.7838254
way/930397989,Polygon,-7.0776443,109.78371254000001
way/930397990,Polygon,-7.07771688,109.7836917
way/930397991,Polygon,-7.07780226,109.78368138
way/930397992,Polygon,-7.0780407,109.78380187999998
way/930397993,Polygon,-7.07804048,109.78354994000001
way/930397994,Polygon,-7.07822388,109.7837837
way/930397995,Polygon,-7.078270399999999,109.78352089999998
way/930397996,Polygon,-7.07837662,109.78353107999999
way/930397997,Polygon,-7.0784256,109.78348804
way/930397998,Polygon,-7.078334580000001,109.78343192
way/930397999,Polygon,-7.07803878,109.78341535999998
way/930398000,Polygon,-7.07862428,109.78342652
way/930398001,Polygon,-7.0787571,109.7833846
way/930398002,Polygon,-7.07885486,109.7831776
way/930398003,Polygon,-7.07898168,109.78315826000001
way/930398004,Polygon,-7.0787435,109.78362884
way/930398005,Polygon,-7.078970550000001,109.78353006666664
way/930410296,Polygon,-7.078731742857143,109.78422508571428
way/930410297,Polygon,-7.0789018200000005,109.78430556
way/930410299,Polygon,-7.078813479999999,109.78441540000001
way/930410300,Polygon,-7.078762899999999,109.78446702000001
way/930410301,Polygon,-7.07853956,109.78471138
way/930410302,Polygon,-7.0784072,109.78437363333332
way/930410303,Polygon,-7.078424780000001,109.78448533999999
way/930410304,Polygon,-7.078603999999999,109.78463852
way/930410305,Polygon,-7.0783030600000005,109.78473507999999
way/930410306,Polygon,-7.078234859999999,109.78485054000001
way/930410307,Polygon,-7.0784262600000005,109.7849279
way/930410308,Polygon,-7.07824912,109.78501552
way/930410309,Polygon,-7.07819556,109.78505144
way/930410310,Polygon,-7.07814602,109.78535868000002
way/930410311,Polygon,-7.07821098,109.78534512000002
way/930410313,Polygon,-7.078111000000001,109.78560151428573
way/930410314,Polygon,-7.07817642,109.78587927999999
way/930410315,Polygon,-7.078246180000001,109.78596516000002
way/930410316,Polygon,-7.07865168,109.78614962000002
way/930410317,Polygon,-7.078385280000001,109.78579886000003
way/930410318,Polygon,-7.078776500000001,109.78560146
way/930410319,Polygon,-7.078360720000001,109.78552098
way/930410320,Polygon,-7.0784536000000005,109.7851443
way/930410321,Polygon,-7.07857556,109.7850623
way/930410322,Polygon,-7.078687942857143,109.78481387142857
way/930410323,Polygon,-7.078853,109.78475382857144
way/930410324,Polygon,-7.07880462,109.78462496
way/930410325,Polygon,-7.07896444,109.7845902
way/930410326,Polygon,-7.0777271200000005,109.78574189999999
way/930410327,Polygon,-7.077383759999999,109.78521185999998
way/930410328,Polygon,-7.07127614,109.78599239999998
way/930410329,Polygon,-7.068905799999999,109.78575178571427
way/930410330,Polygon,-7.07467518,109.78462902000001
way/930410331,Polygon,-7.073353760000001,109.78431025999998
way/930410332,Polygon,-7.0730602000000005,109.78416758333333
way/931783927,Polygon,-7.074501839999999,109.79928132
way/931783930,Polygon,-7.0744512,109.79933574000002
way/944654603,Polygon,-7.07390768,109.7915156
way/944654604,Polygon,-7.0740162,109.79150075
way/944654606,Polygon,-7.0734321,109.79020026
way/944654607,Polygon,-7.073451039999999,109.79041212
way/944654608,Polygon,-7.074210840000001,109.79001848
way/944654609,Polygon,-7.0730441200000005,109.79023118
way/944654610,Polygon,-7.074504040000001,109.79151684000001
way/944654611,Polygon,-7.07476932,109.79118678
way/944654612,Polygon,-7.0745856499999995,109.79125558333332
way/944654613,Polygon,-7.07403915,109.792223975
way/944654614,Polygon,-7.07416568,109.79215328000001
way/944654615,Polygon,-7.074389859999999,109.79205328
way/944654616,Polygon,-7.074355220000001,109.7918991
way/944654617,Polygon,-7.074453419999999,109.79183634
way/944654618,Polygon,-7.07460004,109.79179976
way/944654619,Polygon,-7.0745883,109.79227382000002
way/944654620,Polygon,-7.0742748,109.7921648
way/944654621,Polygon,-7.07421512,109.7925069
way/944654622,Polygon,-7.074353879999999,109.79240106
way/944654623,Polygon,-7.0746715600000005,109.79225912
way/944654624,Polygon,-7.07488604,109.79211246
way/944654625,Polygon,-7.0742623600000005,109.7913746
way/944654626,Polygon,-7.0743243499999995,109.79158465
way/944654627,Polygon,-7.07468686,109.79147602
way/944654628,Polygon,-7.074951260000001,109.79132537999999
way/944654629,Polygon,-7.075085059999999,109.79106186000001
way/944654630,Polygon,-7.074800139999999,109.79171818
way/944654631,Polygon,-7.074911159999999,109.7916572
way/944654632,Polygon,-7.07508908,109.79174436000001
way/944654633,Polygon,-7.074976619999999,109.79182628000001
way/944654634,Polygon,-7.075256319999999,109.79162521999999
way/944654635,Polygon,-7.07515228,109.791218
way/944654636,Polygon,-7.07520478,109.79101849999999
way/944654637,Polygon,-7.07528084,109.79101762
way/944654638,Polygon,-7.075386399999999,109.79126355999999
way/944654639,Polygon,-7.075455460000001,109.79151052
way/944654640,Polygon,-7.07522112,109.79137455999998
way/944654641,Polygon,-7.0756751,109.79147898000001
way/944654642,Polygon,-7.075662080000001,109.79180517999998
way/944654643,Polygon,-7.07822562,109.79035430000002
way/944654644,Polygon,-7.0782245,109.78975299999999
way/944654645,Polygon,-7.0784605,109.78999045999998
way/944654646,Polygon,-7.078437259999999,109.79005551999998
way/944654647,Polygon,-7.078475499999999,109.79024188000001
way/944654648,Polygon,-7.07839338,109.79011748
way/944654649,Polygon,-7.078682660000001,109.79040692000001
way/944654650,Polygon,-7.078929079999999,109.79037204
way/944654651,Polygon,-7.0788180800000005,109.78962614
way/944654652,Polygon,-7.0788717199999995,109.78974112
way/944654653,Polygon,-7.078769460000001,109.78927261999999
way/944654654,Polygon,-7.0789896,109.78890928000001
way/944654655,Polygon,-7.07898642,109.78900658
way/944654656,Polygon,-7.079037420000001,109.78938208
way/944654657,Polygon,-7.07902318,109.7895513
way/944654658,Polygon,-7.078934940000001,109.78948714
way/944654659,Polygon,-7.07903776,109.78974063999999
way/944654660,Polygon,-7.078386325,109.790412425
way/944654661,Polygon,-7.0710340799999996,109.79614799999999
way/944654662,Polygon,-7.0709028599999995,109.79613812
way/944654663,Polygon,-7.070959525,109.79619904999998
way/944654664,Polygon,-7.070684040000001,109.79605194000001
way/944654665,Polygon,-7.07072838,109.7958453
way/944654666,Polygon,-7.070456,109.79563702
way/944654667,Polygon,-7.07045116,109.79570157999999
way/944654668,Polygon,-7.070565800000001,109.79580853333333
way/944654669,Polygon,-7.070688100000001,109.79613352000001
way/944654670,Polygon,-7.0706824600000004,109.79620622
way/944654671,Polygon,-7.07071148,109.79627242
way/944654672,Polygon,-7.070723940000001,109.79634712
way/944654673,Polygon,-7.07017154,109.79625862
way/944654674,Polygon,-7.070334250000001,109.79605301666668
way/944654675,Polygon,-7.07034238,109.79619241999998
way/944654676,Polygon,-7.070466059999999,109.7961027
way/944654677,Polygon,-7.0705656,109.79619402
way/944654678,Polygon,-7.070495266666668,109.79628321666667
way/944654679,Polygon,-7.070570020000001,109.79631339999999
way/944654680,Polygon,-7.07028234,109.79547499999998
way/944654681,Polygon,-7.070205799999999,109.79549568
way/944654682,Polygon,-7.0702634,109.79564067999999
way/944654683,Polygon,-7.07033392,109.79559274
way/944654684,Polygon,-7.07022812,109.79603230000001
way/944654685,Polygon,-7.070054279999999,109.79618108
way/944654686,Polygon,-7.07009094,109.79560899999998
way/944654687,Polygon,-7.069790379999999,109.79555258
way/944654688,Polygon,-7.069816199999999,109.79570923333331
way/944654689,Polygon,-7.0697410000000005,109.79602672000001
way/944654690,Polygon,-7.0696797,109.79560052000002
way/944654691,Polygon,-7.069613419999999,109.79560082
way/944654692,Polygon,-7.0695492799999995,109.79574333999999
way/944654693,Polygon,-7.06936764,109.7955312
way/944654694,Polygon,-7.069439900000001,109.79553908
way/944654695,Polygon,-7.069393699999999,109.7957351
way/944654696,Polygon,-7.069423259999999,109.79583962
way/944654697,Polygon,-7.06972902,109.79575028
way/944654698,Polygon,-7.06905842,109.79524808000001
way/944654699,Polygon,-7.06867598,109.79527021999999
way/944654700,Polygon,-7.068501839999999,109.79521702000002
way/944654701,Polygon,-7.06854428,109.79495832
way/944654702,Polygon,-7.068901460000001,109.79528327999999
way/944654703,Polygon,-7.06883886,109.79528945999998
way/944654704,Polygon,-7.068933519999999,109.79540158
way/944654705,Polygon,-7.068773133333334,109.79500755000002
way/944654706,Polygon,-7.06888524,109.79511476
way/944654707,Polygon,-7.068812666666667,109.79477111666667
way/944654708,Polygon,-7.069054614285713,109.79475028571429
way/944654709,Polygon,-7.06914108,109.7948994
way/944654710,Polygon,-7.06918864,109.79490065999998
way/944654711,Polygon,-7.069321499999999,109.79479345999998
way/944654712,Polygon,-7.069333914285714,109.79492474285715
way/944654713,Polygon,-7.069101177777778,109.79416703333332
way/944654714,Polygon,-7.069316828571429,109.79411107142857
way/944654715,Polygon,-7.0692238,109.79416838333331
way/944654716,Polygon,-7.068971959999999,109.79434494000002
way/944654717,Polygon,-7.06919886,109.79437712
way/944654718,Polygon,-7.06896822,109.79446493999998
way/944654719,Polygon,-7.068523771428572,109.79423115714285
way/944654720,Polygon,-7.0685738,109.7946426
way/944654721,Polygon,-7.068368939999999,109.79485886
way/944654722,Polygon,-7.068398160000001,109.79463247999999
way/944654723,Polygon,-7.068079679999999,109.79487908000002
way/944654724,Polygon,-7.068097450000001,109.79460725000001
way/944654725,Polygon,-7.068058120000001,109.79423852
way/944654726,Polygon,-7.0677077,109.79425596000002
way/944654727,Polygon,-7.06771528,109.79438926
way/944654728,Polygon,-7.067749839999999,109.79502543999999
way/944654729,Polygon,-7.06824498,109.79486044000001
way/944654730,Polygon,-7.06704496,109.79455232000001
way/944654731,Polygon,-7.06692426,109.7945565
way/944658750,Polygon,-7.066653380000001,109.79477274000001
way/944658751,Polygon,-7.0665814,109.7948877
way/944658752,Polygon,-7.066815180000001,109.79449754
way/944658753,Polygon,-7.06666906,109.79427428
way/944658754,Polygon,-7.066576360000001,109.7942553
way/944658755,Polygon,-7.066502539999999,109.79423252
way/944658756,Polygon,-7.0664644800000005,109.7946046
way/944658757,Polygon,-7.066274999999999,109.79441015999998
way/944658758,Polygon,-7.0662969800000015,109.794477
way/944658759,Polygon,-7.06629478,109.79458368
way/944658760,Polygon,-7.066200820000001,109.79455487999999
way/944658761,Polygon,-7.06606788,109.79453270000002
way/944658762,Polygon,-7.066094619999999,109.79462612
way/944658763,Polygon,-7.06558424,109.79423028000001
way/944658764,Polygon,-7.065340379999999,109.79410679999998
way/944658765,Polygon,-7.0650673,109.79412167999999
way/944658766,Polygon,-7.06518984,109.79420338
way/944658767,Polygon,-7.065296316666667,109.79420191666667
way/944658768,Polygon,-7.06540302,109.79433342
way/944658769,Polygon,-7.064674740000001,109.79397251999998
way/944658770,Polygon,-7.0645374400000005,109.79391455999999
way/945705187,Polygon,-7.08259106,109.78665716
way/945705275,Polygon,-7.082531040000001,109.7867235
way/945705318,Polygon,-7.082465859999999,109.78679113999999
way/945705530,Polygon,-7.082130219999999,109.78645946000002
way/945705654,Polygon,-7.082160599999999,109.78669552000001
way/945705719,Polygon,-7.08207604,109.78680998
way/945705802,Polygon,-7.0819973,109.78684056000002
way/945705836,Polygon,-7.081909519999999,109.78693744
way/945705888,Polygon,-7.081846259999999,109.78704479999999
way/945710636,Polygon,-7.082159899999999,109.78712021999999
way/945717459,Polygon,-7.081943099999999,109.78729319999998
way/945717525,Polygon,-7.081830739999999,109.78744216
way/945718128,Polygon,-7.08170232,109.78754102
way/945722676,Polygon,-7.08140352,109.78843590000001
way/945722776,Polygon,-7.08062094,109.78845442
way/945722820,Polygon,-7.08105082,109.78851232
way/945723012,Polygon,-7.0804567,109.78852514285714
way/945723081,Polygon,-7.08053448,109.78896336
way/945723257,Polygon,-7.080245,109.78871913999998
way/945723359,Polygon,-7.080245339999999,109.7887819
way/945723800,Polygon,-7.080092400000001,109.78861951111111
way/945724368,Polygon,-7.080108179999999,109.78930414000001
way/945724444,Polygon,-7.08028018,109.78943518000001
way/945724519,Polygon,-7.079231699999999,109.79001372
way/864759287,Polygon,-7.049228583333334,109.79501381666665
way/864759288,Polygon,-7.05311192857143,109.79390582857143
way/864759289,Polygon,-7.052121644444444,109.79381173333336
way/864759290,Polygon,-7.05327996,109.79263710999999
way/864759291,Polygon,-7.051307899999999,109.7939221
way/864759303,Polygon,-7.0496757,109.79491999999999
way/865352629,Polygon,-7.064446471428572,109.79364684285714
way/865352630,Polygon,-7.064199879999999,109.79360084
way/865352631,Polygon,-7.064015380000001,109.7936053
way/865352632,Polygon,-7.0640808999999996,109.79348312857142
way/944658771,Polygon,-7.06410752,109.7937987
way/944658772,Polygon,-7.06213642,109.79385471999998
